sampleID	MBCS	freq
P1	RRARS	0.09
P1	RRAHS	0.336
P1	deletion	0.143
P1	RRARG	0.329
P1	LRARS	0.103
P2	RRARS	0.0839
P2	RRAHS	0.427
P2	deletion	0.129
P2	RRARG	0.256
P2	LRARS	0.104
P3	RRARS	0.0892
P3	RRAHS	0.389
P3	deletion	0.09
P3	RRARG	0.32
P3	LRARS	0.112
P4	RRARS	0.0894
P4	RRAHS	0.26
P4	deletion	0.111
P4	RRARG	0.439
P4	LRARS	0.0993
P5	RRARS	0.0
P5	RRAHS	0.115
P5	deletion	0.859
P5	RRARG	0.0259
P5	LRARS	0.0
P7	RRARS	0.22
P7	RRAHS	0.0805
P7	deletion	0.0157
P7	RRARG	0.642
P7	LRARS	0.0417
P8	RRARS	0.255
P8	RRAHS	0.0611
P8	deletion	0.0
P8	RRARG	0.655
P8	LRARS	0.028
P9	RRARS	0.101
P9	RRAHS	0.363
P9	deletion	0.0897
P9	RRARG	0.314
P9	LRARS	0.133
P10	RRARS	0.221
P10	RRAHS	0.207
P10	deletion	0.027
P10	RRARG	0.478
P10	LRARS	0.0675
P11	RRARS	0.156
P11	RRAHS	0.112
P11	deletion	0.0
P11	RRARG	0.648
P11	LRARS	0.0845
P12	RRARS	0.18
P12	RRAHS	0.189
P12	deletion	0.0154
P12	RRARG	0.519
P12	LRARS	0.0973
P13	RRARS	0.184
P13	RRAHS	0.222
P13	deletion	0.0631
P13	RRARG	0.457
P13	LRARS	0.0732
P14	RRARS	0.265
P14	RRAHS	0.0
P14	deletion	0.0
P14	RRARG	0.717
P14	LRARS	0.0177
P15	RRARS	0.18
P15	RRAHS	0.0
P15	deletion	0.0
P15	RRARG	0.791
P15	LRARS	0.0288
P16	RRARS	0.524
P16	RRAHS	0.0
P16	deletion	0.0
P16	RRARG	0.476
P16	LRARS	0.0
P17	RRARS	0.925
P17	RRAHS	0.0
P17	deletion	0.0
P17	RRARG	0.0751
P17	LRARS	0.0
P18	RRARS	0.922
P18	RRAHS	0.0
P18	deletion	0.0
P18	RRARG	0.0775
P18	LRARS	0.0
P19	RRARS	0.175
P19	RRAHS	0.23
P19	deletion	0.0216
P19	RRARG	0.455
P19	LRARS	0.118
P20	RRARS	0.873
P20	RRAHS	0.0158
P20	deletion	0.0
P20	RRARG	0.1
P20	LRARS	0.0111
P21	RRARS	1.0
P21	RRAHS	0.0
P21	deletion	0.0
P21	RRARG	0.0
P21	LRARS	0.0
P22	RRARS	1.0
P22	RRAHS	0.0
P22	deletion	0.0
P22	RRARG	0.0
P22	LRARS	0.0
P23	RRARS	1.0
P23	RRAHS	0.0
P23	deletion	0.0
P23	RRARG	0.0
P23	LRARS	0.0
P24	RRARS	0.658
P24	RRAHS	0.062
P24	deletion	0.0
P24	RRARG	0.246
P24	LRARS	0.0334
P25	RRARS	1.0
P25	RRAHS	0.0
P25	deletion	0.0
P25	RRARG	0.0
P25	LRARS	0.0
P26	RRARS	0.344
P26	RRAHS	0.0
P26	deletion	0.0
P26	RRARG	0.656
P26	LRARS	0.0
P27	RRARS	1.0
P27	RRAHS	0.0
P27	deletion	0.0
P27	RRARG	0.0
P27	LRARS	0.0
P28	RRARS	0.462
P28	RRAHS	0.0
P28	deletion	0.0
P28	RRARG	0.538
P28	LRARS	0.0
P29	RRARS	1.0
P29	RRAHS	0.0
P29	deletion	0.0
P29	RRARG	0.0
P29	LRARS	0.0
P30	RRARS	1.0
P30	RRAHS	0.0
P30	deletion	0.0
P30	RRARG	0.0
P30	LRARS	0.0
P31	RRARS	1.0
P31	RRAHS	0.0
P31	deletion	0.0
P31	RRARG	0.0
P31	LRARS	0.0
P32	RRARS	1.0
P32	RRAHS	0.0
P32	deletion	0.0
P32	RRARG	0.0
P32	LRARS	0.0
P33	RRARS	0.368
P33	RRAHS	0.0
P33	deletion	0.0
P33	RRARG	0.615
P33	LRARS	0.017
P34	RRARS	0.329
P34	RRAHS	0.0
P34	deletion	0.0
P34	RRARG	0.671
P34	LRARS	0.0
P35	RRARS	0.337
P35	RRAHS	0.0
P35	deletion	0.0
P35	RRARG	0.644
P35	LRARS	0.0188
P36	RRARS	0.194
P36	RRAHS	0.0315
P36	deletion	0.0
P36	RRARG	0.734
P36	LRARS	0.0399
P37	RRARS	0.321
P37	RRAHS	0.0
P37	deletion	0.0
P37	RRARG	0.679
P37	LRARS	0.0
P38	RRARS	0.513
P38	RRAHS	0.0
P38	deletion	0.0
P38	RRARG	0.487
P38	LRARS	0.0
